{"cameraMode":{"drawMode":0,"name":"Shaded","section":"Shading Mode"},"sceneLighting":false,"audioPlay":false,"sceneViewState":{"showFog":true,"showMaterialUpdate":false,"showSkybox":true,"showFlares":true,"showImageEffects":true,"showParticleSystems":true},"in2DMode":false,"pivot":{"x":-1.9464815855026246,"y":0.711656928062439,"z":-0.31305456161499026},"rotation":{"x":0.08213614672422409,"y":-0.20333696901798249,"z":0.017120374366641046,"w":0.975507378578186},"size":3.8892576694488527,"orthographic":false}